deck_id,deck_title,deck_source,category,count,name,price
QvMLSpN75oJE3WmKarE-BA,Unknown Title,https://moxfield.com/decks/LPR0n2FYQES5o4fj-rcSUA?utm_source=edhrec&utm_medium=deck_summary,"Deck with Ojer Axonil, Deepest Might",,,$29.99
QvMLSpN75oJE3WmKarE-BA,Unknown Title,https://moxfield.com/decks/LPR0n2FYQES5o4fj-rcSUA?utm_source=edhrec&utm_medium=deck_summary,"Deck with Ojer Axonil, Deepest Might",,,$2.29
QvMLSpN75oJE3WmKarE-BA,Unknown Title,https://moxfield.com/decks/LPR0n2FYQES5o4fj-rcSUA?utm_source=edhrec&utm_medium=deck_summary,"Deck with Ojer Axonil, Deepest Might",,,$0.79
QvMLSpN75oJE3WmKarE-BA,Unknown Title,https://moxfield.com/decks/LPR0n2FYQES5o4fj-rcSUA?utm_source=edhrec&utm_medium=deck_summary,"Deck with Ojer Axonil, Deepest Might",,,$0.35
QvMLSpN75oJE3WmKarE-BA,Unknown Title,https://moxfield.com/decks/LPR0n2FYQES5o4fj-rcSUA?utm_source=edhrec&utm_medium=deck_summary,"Deck with Ojer Axonil, Deepest Might",,,$5.99
QvMLSpN75oJE3WmKarE-BA,Unknown Title,https://moxfield.com/decks/LPR0n2FYQES5o4fj-rcSUA?utm_source=edhrec&utm_medium=deck_summary,"Deck with Ojer Axonil, Deepest Might",,,$0.49
QvMLSpN75oJE3WmKarE-BA,Unknown Title,https://moxfield.com/decks/LPR0n2FYQES5o4fj-rcSUA?utm_source=edhrec&utm_medium=deck_summary,"Deck with Ojer Axonil, Deepest Might",,,$3.49
QvMLSpN75oJE3WmKarE-BA,Unknown Title,https://moxfield.com/decks/LPR0n2FYQES5o4fj-rcSUA?utm_source=edhrec&utm_medium=deck_summary,"Deck with Ojer Axonil, Deepest Might",,,$0.59
QvMLSpN75oJE3WmKarE-BA,Unknown Title,https://moxfield.com/decks/LPR0n2FYQES5o4fj-rcSUA?utm_source=edhrec&utm_medium=deck_summary,"Deck with Ojer Axonil, Deepest Might",,,$1.99
QvMLSpN75oJE3WmKarE-BA,Unknown Title,https://moxfield.com/decks/LPR0n2FYQES5o4fj-rcSUA?utm_source=edhrec&utm_medium=deck_summary,"Deck with Ojer Axonil, Deepest Might",,,$2.49
QvMLSpN75oJE3WmKarE-BA,Unknown Title,https://moxfield.com/decks/LPR0n2FYQES5o4fj-rcSUA?utm_source=edhrec&utm_medium=deck_summary,"Deck with Ojer Axonil, Deepest Might",,,$9.49
QvMLSpN75oJE3WmKarE-BA,Unknown Title,https://moxfield.com/decks/LPR0n2FYQES5o4fj-rcSUA?utm_source=edhrec&utm_medium=deck_summary,"Deck with Ojer Axonil, Deepest Might",,,$24.99
QvMLSpN75oJE3WmKarE-BA,Unknown Title,https://moxfield.com/decks/LPR0n2FYQES5o4fj-rcSUA?utm_source=edhrec&utm_medium=deck_summary,"Deck with Ojer Axonil, Deepest Might",,,$6.49
QvMLSpN75oJE3WmKarE-BA,Unknown Title,https://moxfield.com/decks/LPR0n2FYQES5o4fj-rcSUA?utm_source=edhrec&utm_medium=deck_summary,"Deck with Ojer Axonil, Deepest Might",,,$0.79
QvMLSpN75oJE3WmKarE-BA,Unknown Title,https://moxfield.com/decks/LPR0n2FYQES5o4fj-rcSUA?utm_source=edhrec&utm_medium=deck_summary,"Deck with Ojer Axonil, Deepest Might",,,$59.99
QvMLSpN75oJE3WmKarE-BA,Unknown Title,https://moxfield.com/decks/LPR0n2FYQES5o4fj-rcSUA?utm_source=edhrec&utm_medium=deck_summary,"Deck with Ojer Axonil, Deepest Might",,,$12.99
QvMLSpN75oJE3WmKarE-BA,Unknown Title,https://moxfield.com/decks/LPR0n2FYQES5o4fj-rcSUA?utm_source=edhrec&utm_medium=deck_summary,"Deck with Ojer Axonil, Deepest Might",,,$0.69
QvMLSpN75oJE3WmKarE-BA,Unknown Title,https://moxfield.com/decks/LPR0n2FYQES5o4fj-rcSUA?utm_source=edhrec&utm_medium=deck_summary,"Deck with Ojer Axonil, Deepest Might",,,$3.49
QvMLSpN75oJE3WmKarE-BA,Unknown Title,https://moxfield.com/decks/LPR0n2FYQES5o4fj-rcSUA?utm_source=edhrec&utm_medium=deck_summary,"Deck with Ojer Axonil, Deepest Might",,,$0.99
QvMLSpN75oJE3WmKarE-BA,Unknown Title,https://moxfield.com/decks/LPR0n2FYQES5o4fj-rcSUA?utm_source=edhrec&utm_medium=deck_summary,"Deck with Ojer Axonil, Deepest Might",,,$1.79
QvMLSpN75oJE3WmKarE-BA,Unknown Title,https://moxfield.com/decks/LPR0n2FYQES5o4fj-rcSUA?utm_source=edhrec&utm_medium=deck_summary,"Deck with Ojer Axonil, Deepest Might",,,$2.79
QvMLSpN75oJE3WmKarE-BA,Unknown Title,https://moxfield.com/decks/LPR0n2FYQES5o4fj-rcSUA?utm_source=edhrec&utm_medium=deck_summary,"Deck with Ojer Axonil, Deepest Might",,,$8.49
QvMLSpN75oJE3WmKarE-BA,Unknown Title,https://moxfield.com/decks/LPR0n2FYQES5o4fj-rcSUA?utm_source=edhrec&utm_medium=deck_summary,"Deck with Ojer Axonil, Deepest Might",,,$8.99
QvMLSpN75oJE3WmKarE-BA,Unknown Title,https://moxfield.com/decks/LPR0n2FYQES5o4fj-rcSUA?utm_source=edhrec&utm_medium=deck_summary,"Deck with Ojer Axonil, Deepest Might",,,$4.99
QvMLSpN75oJE3WmKarE-BA,Unknown Title,https://moxfield.com/decks/LPR0n2FYQES5o4fj-rcSUA?utm_source=edhrec&utm_medium=deck_summary,"Deck with Ojer Axonil, Deepest Might",,,$8.99
QvMLSpN75oJE3WmKarE-BA,Unknown Title,https://moxfield.com/decks/LPR0n2FYQES5o4fj-rcSUA?utm_source=edhrec&utm_medium=deck_summary,"Deck with Ojer Axonil, Deepest Might",,,$0.69
QvMLSpN75oJE3WmKarE-BA,Unknown Title,https://moxfield.com/decks/LPR0n2FYQES5o4fj-rcSUA?utm_source=edhrec&utm_medium=deck_summary,"Deck with Ojer Axonil, Deepest Might",,,$0.35
QvMLSpN75oJE3WmKarE-BA,Unknown Title,https://moxfield.com/decks/LPR0n2FYQES5o4fj-rcSUA?utm_source=edhrec&utm_medium=deck_summary,"Deck with Ojer Axonil, Deepest Might",,,$13.99
QvMLSpN75oJE3WmKarE-BA,Unknown Title,https://moxfield.com/decks/LPR0n2FYQES5o4fj-rcSUA?utm_source=edhrec&utm_medium=deck_summary,"Deck with Ojer Axonil, Deepest Might",,,$7.49
QvMLSpN75oJE3WmKarE-BA,Unknown Title,https://moxfield.com/decks/LPR0n2FYQES5o4fj-rcSUA?utm_source=edhrec&utm_medium=deck_summary,"Deck with Ojer Axonil, Deepest Might",,,$4.99
QvMLSpN75oJE3WmKarE-BA,Unknown Title,https://moxfield.com/decks/LPR0n2FYQES5o4fj-rcSUA?utm_source=edhrec&utm_medium=deck_summary,"Deck with Ojer Axonil, Deepest Might",,,$5.99
QvMLSpN75oJE3WmKarE-BA,Unknown Title,https://moxfield.com/decks/LPR0n2FYQES5o4fj-rcSUA?utm_source=edhrec&utm_medium=deck_summary,"Deck with Ojer Axonil, Deepest Might",,,$0.69
QvMLSpN75oJE3WmKarE-BA,Unknown Title,https://moxfield.com/decks/LPR0n2FYQES5o4fj-rcSUA?utm_source=edhrec&utm_medium=deck_summary,"Deck with Ojer Axonil, Deepest Might",,,$0.69
QvMLSpN75oJE3WmKarE-BA,Unknown Title,https://moxfield.com/decks/LPR0n2FYQES5o4fj-rcSUA?utm_source=edhrec&utm_medium=deck_summary,"Deck with Ojer Axonil, Deepest Might",,,$13.99
QvMLSpN75oJE3WmKarE-BA,Unknown Title,https://moxfield.com/decks/LPR0n2FYQES5o4fj-rcSUA?utm_source=edhrec&utm_medium=deck_summary,"Deck with Ojer Axonil, Deepest Might",,,$32.99
QvMLSpN75oJE3WmKarE-BA,Unknown Title,https://moxfield.com/decks/LPR0n2FYQES5o4fj-rcSUA?utm_source=edhrec&utm_medium=deck_summary,"Deck with Ojer Axonil, Deepest Might",,,$0.35
QvMLSpN75oJE3WmKarE-BA,Unknown Title,https://moxfield.com/decks/LPR0n2FYQES5o4fj-rcSUA?utm_source=edhrec&utm_medium=deck_summary,"Deck with Ojer Axonil, Deepest Might",,,$3.49
QvMLSpN75oJE3WmKarE-BA,Unknown Title,https://moxfield.com/decks/LPR0n2FYQES5o4fj-rcSUA?utm_source=edhrec&utm_medium=deck_summary,"Deck with Ojer Axonil, Deepest Might",,,$1.29
QvMLSpN75oJE3WmKarE-BA,Unknown Title,https://moxfield.com/decks/LPR0n2FYQES5o4fj-rcSUA?utm_source=edhrec&utm_medium=deck_summary,"Deck with Ojer Axonil, Deepest Might",,,$4.49
QvMLSpN75oJE3WmKarE-BA,Unknown Title,https://moxfield.com/decks/LPR0n2FYQES5o4fj-rcSUA?utm_source=edhrec&utm_medium=deck_summary,"Deck with Ojer Axonil, Deepest Might",,,$0.35
QvMLSpN75oJE3WmKarE-BA,Unknown Title,https://moxfield.com/decks/LPR0n2FYQES5o4fj-rcSUA?utm_source=edhrec&utm_medium=deck_summary,"Deck with Ojer Axonil, Deepest Might",,,$2.79
QvMLSpN75oJE3WmKarE-BA,Unknown Title,https://moxfield.com/decks/LPR0n2FYQES5o4fj-rcSUA?utm_source=edhrec&utm_medium=deck_summary,"Deck with Ojer Axonil, Deepest Might",,,$2.29
QvMLSpN75oJE3WmKarE-BA,Unknown Title,https://moxfield.com/decks/LPR0n2FYQES5o4fj-rcSUA?utm_source=edhrec&utm_medium=deck_summary,"Deck with Ojer Axonil, Deepest Might",,,$0.79
QvMLSpN75oJE3WmKarE-BA,Unknown Title,https://moxfield.com/decks/LPR0n2FYQES5o4fj-rcSUA?utm_source=edhrec&utm_medium=deck_summary,"Deck with Ojer Axonil, Deepest Might",,,$2.99
QvMLSpN75oJE3WmKarE-BA,Unknown Title,https://moxfield.com/decks/LPR0n2FYQES5o4fj-rcSUA?utm_source=edhrec&utm_medium=deck_summary,"Deck with Ojer Axonil, Deepest Might",,,$129.99
QvMLSpN75oJE3WmKarE-BA,Unknown Title,https://moxfield.com/decks/LPR0n2FYQES5o4fj-rcSUA?utm_source=edhrec&utm_medium=deck_summary,"Deck with Ojer Axonil, Deepest Might",,,$39.99
QvMLSpN75oJE3WmKarE-BA,Unknown Title,https://moxfield.com/decks/LPR0n2FYQES5o4fj-rcSUA?utm_source=edhrec&utm_medium=deck_summary,"Deck with Ojer Axonil, Deepest Might",,,$2.29
QvMLSpN75oJE3WmKarE-BA,Unknown Title,https://moxfield.com/decks/LPR0n2FYQES5o4fj-rcSUA?utm_source=edhrec&utm_medium=deck_summary,"Deck with Ojer Axonil, Deepest Might",,,$1.99
QvMLSpN75oJE3WmKarE-BA,Unknown Title,https://moxfield.com/decks/LPR0n2FYQES5o4fj-rcSUA?utm_source=edhrec&utm_medium=deck_summary,"Deck with Ojer Axonil, Deepest Might",,,$0.59
QvMLSpN75oJE3WmKarE-BA,Unknown Title,https://moxfield.com/decks/LPR0n2FYQES5o4fj-rcSUA?utm_source=edhrec&utm_medium=deck_summary,"Deck with Ojer Axonil, Deepest Might",,,$2.79
QvMLSpN75oJE3WmKarE-BA,Unknown Title,https://moxfield.com/decks/LPR0n2FYQES5o4fj-rcSUA?utm_source=edhrec&utm_medium=deck_summary,"Deck with Ojer Axonil, Deepest Might",,,$0.35
QvMLSpN75oJE3WmKarE-BA,Unknown Title,https://moxfield.com/decks/LPR0n2FYQES5o4fj-rcSUA?utm_source=edhrec&utm_medium=deck_summary,"Deck with Ojer Axonil, Deepest Might",,,$29.99
QvMLSpN75oJE3WmKarE-BA,Unknown Title,https://moxfield.com/decks/LPR0n2FYQES5o4fj-rcSUA?utm_source=edhrec&utm_medium=deck_summary,"Deck with Ojer Axonil, Deepest Might",,,$94.99
QvMLSpN75oJE3WmKarE-BA,Unknown Title,https://moxfield.com/decks/LPR0n2FYQES5o4fj-rcSUA?utm_source=edhrec&utm_medium=deck_summary,"Deck with Ojer Axonil, Deepest Might",,,$11.99
QvMLSpN75oJE3WmKarE-BA,Unknown Title,https://moxfield.com/decks/LPR0n2FYQES5o4fj-rcSUA?utm_source=edhrec&utm_medium=deck_summary,"Deck with Ojer Axonil, Deepest Might",,,$34.99
QvMLSpN75oJE3WmKarE-BA,Unknown Title,https://moxfield.com/decks/LPR0n2FYQES5o4fj-rcSUA?utm_source=edhrec&utm_medium=deck_summary,"Deck with Ojer Axonil, Deepest Might",,,$1.79
QvMLSpN75oJE3WmKarE-BA,Unknown Title,https://moxfield.com/decks/LPR0n2FYQES5o4fj-rcSUA?utm_source=edhrec&utm_medium=deck_summary,"Deck with Ojer Axonil, Deepest Might",,,$39.99
QvMLSpN75oJE3WmKarE-BA,Unknown Title,https://moxfield.com/decks/LPR0n2FYQES5o4fj-rcSUA?utm_source=edhrec&utm_medium=deck_summary,"Deck with Ojer Axonil, Deepest Might",,,$1.79
QvMLSpN75oJE3WmKarE-BA,Unknown Title,https://moxfield.com/decks/LPR0n2FYQES5o4fj-rcSUA?utm_source=edhrec&utm_medium=deck_summary,"Deck with Ojer Axonil, Deepest Might",,,$94.99
QvMLSpN75oJE3WmKarE-BA,Unknown Title,https://moxfield.com/decks/LPR0n2FYQES5o4fj-rcSUA?utm_source=edhrec&utm_medium=deck_summary,"Deck with Ojer Axonil, Deepest Might",,,$32.99
QvMLSpN75oJE3WmKarE-BA,Unknown Title,https://moxfield.com/decks/LPR0n2FYQES5o4fj-rcSUA?utm_source=edhrec&utm_medium=deck_summary,"Deck with Ojer Axonil, Deepest Might",,,$18.99
QvMLSpN75oJE3WmKarE-BA,Unknown Title,https://moxfield.com/decks/LPR0n2FYQES5o4fj-rcSUA?utm_source=edhrec&utm_medium=deck_summary,"Deck with Ojer Axonil, Deepest Might",,,$3.49
QvMLSpN75oJE3WmKarE-BA,Unknown Title,https://moxfield.com/decks/LPR0n2FYQES5o4fj-rcSUA?utm_source=edhrec&utm_medium=deck_summary,"Deck with Ojer Axonil, Deepest Might",,,$0.99
QvMLSpN75oJE3WmKarE-BA,Unknown Title,https://moxfield.com/decks/LPR0n2FYQES5o4fj-rcSUA?utm_source=edhrec&utm_medium=deck_summary,"Deck with Ojer Axonil, Deepest Might",,,$13.99
QvMLSpN75oJE3WmKarE-BA,Unknown Title,https://moxfield.com/decks/LPR0n2FYQES5o4fj-rcSUA?utm_source=edhrec&utm_medium=deck_summary,"Deck with Ojer Axonil, Deepest Might",,,$1.79
QvMLSpN75oJE3WmKarE-BA,Unknown Title,https://moxfield.com/decks/LPR0n2FYQES5o4fj-rcSUA?utm_source=edhrec&utm_medium=deck_summary,"Deck with Ojer Axonil, Deepest Might",,,$13.99
QvMLSpN75oJE3WmKarE-BA,Unknown Title,https://moxfield.com/decks/LPR0n2FYQES5o4fj-rcSUA?utm_source=edhrec&utm_medium=deck_summary,"Deck with Ojer Axonil, Deepest Might",,,$42.99
QvMLSpN75oJE3WmKarE-BA,Unknown Title,https://moxfield.com/decks/LPR0n2FYQES5o4fj-rcSUA?utm_source=edhrec&utm_medium=deck_summary,"Deck with Ojer Axonil, Deepest Might",,,$99.99
QvMLSpN75oJE3WmKarE-BA,Unknown Title,https://moxfield.com/decks/LPR0n2FYQES5o4fj-rcSUA?utm_source=edhrec&utm_medium=deck_summary,"Deck with Ojer Axonil, Deepest Might",,,$44.99
QvMLSpN75oJE3WmKarE-BA,Unknown Title,https://moxfield.com/decks/LPR0n2FYQES5o4fj-rcSUA?utm_source=edhrec&utm_medium=deck_summary,"Deck with Ojer Axonil, Deepest Might",,,$8.99
QvMLSpN75oJE3WmKarE-BA,Unknown Title,https://moxfield.com/decks/LPR0n2FYQES5o4fj-rcSUA?utm_source=edhrec&utm_medium=deck_summary,"Deck with Ojer Axonil, Deepest Might",,,$0.35
QvMLSpN75oJE3WmKarE-BA,Unknown Title,https://moxfield.com/decks/LPR0n2FYQES5o4fj-rcSUA?utm_source=edhrec&utm_medium=deck_summary,"Deck with Ojer Axonil, Deepest Might",,,$0.59
QvMLSpN75oJE3WmKarE-BA,Unknown Title,https://moxfield.com/decks/LPR0n2FYQES5o4fj-rcSUA?utm_source=edhrec&utm_medium=deck_summary,"Deck with Ojer Axonil, Deepest Might",,,$0.99
QvMLSpN75oJE3WmKarE-BA,Unknown Title,https://moxfield.com/decks/LPR0n2FYQES5o4fj-rcSUA?utm_source=edhrec&utm_medium=deck_summary,"Deck with Ojer Axonil, Deepest Might",,,$24.99
